电影名,电影年份,电影封面,导演,得分,评价人数,精彩评论
肖申克的救赎 The Shawshank Redemption,(1994),https://img2.doubanio.com/view/photo/s_ratio_poster/public/p480747492.jpg,弗兰克·德拉邦特,9.7,2944933人评价,希望让人自由。
霸王别姬,(1993),https://img1.doubanio.com/view/photo/s_ratio_poster/public/p2561716440.jpg,陈凯歌,9.6,2175719人评价,风华绝代。
阿甘正传 Forrest Gump,(1994),https://img2.doubanio.com/view/photo/s_ratio_poster/public/p2372307693.jpg,罗伯特·泽米吉斯,9.5,2194937人评价,一部美国近现代史。
泰坦尼克号 Titanic,(1997),https://img2.doubanio.com/view/photo/s_ratio_poster/public/p2896604953.jpg,詹姆斯·卡梅隆,9.5,2228722人评价,失去的才是永恒的。
这个杀手不太冷 Léon,(1994),https://img2.doubanio.com/view/photo/s_ratio_poster/public/p511118051.jpg,吕克·贝松,9.4,2326955人评价,怪蜀黍和小萝莉不得不说的故事。
千与千寻 千と千尋の神隠し,(2001),https://img1.doubanio.com/view/photo/s_ratio_poster/public/p2557573348.jpg,宫崎骏,9.4,2278543人评价,最好的宫崎骏，最好的久石让。
美丽人生 La vita è bella,(1997),https://img2.doubanio.com/view/photo/s_ratio_poster/public/p2578474613.jpg,罗伯托·贝尼尼,9.5,1346217人评价,最美的谎言。
星际穿越 Interstellar,(2014),https://img1.doubanio.com/view/photo/s_ratio_poster/public/p2614988097.jpg,克里斯托弗·诺兰,9.4,1884387人评价,爱是一种力量，让我们超越时空感知它的存在。
盗梦空间 Inception,(2010),https://img9.doubanio.com/view/photo/s_ratio_poster/public/p513344864.jpg,克里斯托弗·诺兰,9.4,2099125人评价,诺兰给了我们一场无法盗取的梦。
辛德勒的名单 Schindler's List,(1993),https://img2.doubanio.com/view/photo/s_ratio_poster/public/p492406163.jpg,史蒂文·斯皮尔伯格,9.5,1137037人评价,拯救一个人，就是拯救整个世界。
楚门的世界 The Truman Show,(1998),https://img2.doubanio.com/view/photo/s_ratio_poster/public/p479682972.jpg,彼得·威尔,9.4,1747200人评价,如果再也不能见到你，祝你早安，午安，晚安。
忠犬八公的故事 Hachi: A Dog's Tale,(2009),https://img1.doubanio.com/view/photo/s_ratio_poster/public/p2587099240.jpg,拉斯·霍尔斯道姆,9.4,1416538人评价,永远都不能忘记你所爱的人。
海上钢琴师 La leggenda del pianista sull'oceano,(1998),https://img9.doubanio.com/view/photo/s_ratio_poster/public/p2574551676.jpg,朱塞佩·托纳多雷,9.3,1702034人评价,每个人都要走一条自己坚定了的路，就算是粉身碎骨。
三傻大闹宝莱坞 3 Idiots,(2009),https://img2.doubanio.com/view/photo/s_ratio_poster/public/p579729551.jpg,拉吉库马尔·希拉尼,9.2,1885361人评价,英俊版憨豆，高情商版谢耳朵。
放牛班的春天 Les choristes,(2004),https://img1.doubanio.com/view/photo/s_ratio_poster/public/p2884280708.jpg,克里斯托夫·巴哈蒂,9.3,1332726人评价,天籁一般的童声，是最接近上帝的存在。
机器人总动员 WALL·E,(2008),https://img2.doubanio.com/view/photo/s_ratio_poster/public/p1461851991.jpg,安德鲁·斯坦顿,9.3,1336645人评价,小瓦力，大人生。
疯狂动物城 Zootopia,(2016),https://img2.doubanio.com/view/photo/s_ratio_poster/public/p2896589742.jpg,拜伦·霍华德 / 瑞奇·摩尔 / 杰拉德·布什,9.2,1976645人评价,迪士尼给我们营造的乌托邦就是这样，永远善良勇敢，永远出乎意料。
无间道 無間道,(2002),https://img2.doubanio.com/view/photo/s_ratio_poster/public/p2564556863.jpg,刘伟强 / 麦兆辉,9.3,1388995人评价,香港电影史上永不过时的杰作。
控方证人 Witness for the Prosecution,(1957),https://img1.doubanio.com/view/photo/s_ratio_poster/public/p1505392928.jpg,比利·怀尔德,9.6,578606人评价,比利·怀德满分作品。
大话西游之大圣娶亲 西遊記大結局之仙履奇緣,(1995),https://img9.doubanio.com/view/photo/s_ratio_poster/public/p2455050536.jpg,刘镇伟,9.2,1555904人评价,一生所爱。
熔炉 도가니,(2011),https://img9.doubanio.com/view/photo/s_ratio_poster/public/p1363250216.jpg,黄东赫,9.4,944869人评价,我们一路奋战不是为了改变世界，而是为了不让世界改变我们。
教父 The Godfather,(1972),https://img9.doubanio.com/view/photo/s_ratio_poster/public/p616779645.jpg,弗朗西斯·福特·科波拉,9.3,984639人评价,千万不要记恨你的对手，这样会让你失去理智。
触不可及 Intouchables,(2011),https://img9.doubanio.com/view/photo/s_ratio_poster/public/p1454261925.jpg,奥利维埃·纳卡什 / 埃里克·托莱达诺,9.3,1138323人评价,满满温情的高雅喜剧。
当幸福来敲门 The Pursuit of Happyness,(2006),https://img9.doubanio.com/view/photo/s_ratio_poster/public/p2614359276.jpg,加布里埃莱·穆奇诺,9.2,1542271人评价,平民励志片。
末代皇帝 The Last Emperor,(1987),https://img2.doubanio.com/view/photo/s_ratio_poster/public/p452089833.jpg,贝纳尔多·贝托鲁奇,9.3,903794人评价,“不要跟我比惨，我比你更惨”再适合这部电影不过了。
寻梦环游记 Coco,(2017),https://img1.doubanio.com/view/photo/s_ratio_poster/public/p2896589968.jpg,李·昂克里奇 / 阿德里安·莫利纳,9.1,1716425人评价,死亡不是真的逝去，遗忘才是永恒的消亡。
龙猫 となりのトトロ,(1988),https://img9.doubanio.com/view/photo/s_ratio_poster/public/p2540924496.jpg,宫崎骏,9.2,1285309人评价,人人心中都有个龙猫，童年就永远不会消失。
怦然心动 Flipped,(2010),https://img1.doubanio.com/view/photo/s_ratio_poster/public/p501177648.jpg,罗伯·莱纳,9.1,1861223人评价,真正的幸福是来自内心深处。
活着,(1994),https://img1.doubanio.com/view/photo/s_ratio_poster/public/p2597919477.jpg,张艺谋,9.3,862071人评价,张艺谋最好的电影。
哈利·波特与魔法石 Harry Potter and the Sorcerer's Stone,(2001),https://img9.doubanio.com/view/photo/s_ratio_poster/public/p2614949805.jpg,克里斯·哥伦布,9.2,1216995人评价,童话世界的开端。
蝙蝠侠：黑暗骑士 The Dark Knight,(2008),https://img2.doubanio.com/view/photo/s_ratio_poster/public/p462657443.jpg,克里斯托弗·诺兰,9.2,1079329人评价,无尽的黑暗。
指环王3：王者无敌 The Lord of the Rings: The Return of the King,(2003),https://img2.doubanio.com/view/photo/s_ratio_poster/public/p2642829472.jpg,彼得·杰克逊,9.3,816931人评价,史诗的终章。
我不是药神,(2018),https://img9.doubanio.com/view/photo/s_ratio_poster/public/p2561305376.jpg,文牧野,9.0,2137275人评价,对我们国家而言，这样的电影多一部是一部。
乱世佳人 Gone with the Wind,(1939),https://img1.doubanio.com/view/photo/s_ratio_poster/public/p1963126880.jpg,维克多·弗莱明 / 乔治·库克 / 山姆·伍德,9.3,703177人评价,Tomorrow is another day.
飞屋环游记 Up,(2009),https://img1.doubanio.com/view/photo/s_ratio_poster/public/p2896589700.jpg,彼特·道格特 / 鲍勃·彼德森,9.1,1347549人评价,最后那些最无聊的事情，才是最值得怀念的。
素媛 소원,(2013),https://img9.doubanio.com/view/photo/s_ratio_poster/public/p2118532944.jpg,李濬益,9.3,698474人评价,受过伤害的人总是笑得最开心，因为他们不愿意让身边的人承受一样的痛苦。
哈尔的移动城堡 ハウルの動く城,(2004),https://img1.doubanio.com/view/photo/s_ratio_poster/public/p2174346180.jpg,宫崎骏,9.1,1044809人评价,带着心爱的人在天空飞翔。
十二怒汉 12 Angry Men,(1957),https://img2.doubanio.com/view/photo/s_ratio_poster/public/p2173577632.jpg,西德尼·吕美特,9.4,500989人评价,1957年的理想主义。
何以为家 كفرناحوم,(2018),https://img1.doubanio.com/view/photo/s_ratio_poster/public/p2555295759.jpg,娜丁·拉巴基,9.1,1061068人评价,凝视卑弱生命，用电影改变命运。
摔跤吧！爸爸 Dangal,(2016),https://img1.doubanio.com/view/photo/s_ratio_poster/public/p2401676338.jpg,涅提·蒂瓦里,9.0,1591671人评价,你不是在为你一个人战斗，你要让千千万万的女性看到女生并不是只能相夫教子。
让子弹飞,(2010),https://img1.doubanio.com/view/photo/s_ratio_poster/public/p1512562287.jpg,姜文,9.0,1726631人评价,你给我翻译翻译，神马叫做TMD的惊喜。
猫鼠游戏 Catch Me If You Can,(2002),https://img2.doubanio.com/view/photo/s_ratio_poster/public/p453924541.jpg,史蒂文·斯皮尔伯格,9.1,1048558人评价,骗子大师和执著警探的你追我跑故事。
天空之城 天空の城ラピュタ,(1986),https://img1.doubanio.com/view/photo/s_ratio_poster/public/p2892380420.jpg,宫崎骏,9.2,891547人评价,对天空的追逐，永不停止。
鬼子来了,(2000),https://img1.doubanio.com/view/photo/s_ratio_poster/public/p2553104888.jpg,姜文,9.3,637339人评价,对敌人的仁慈，就是对自己残忍。
少年派的奇幻漂流 Life of Pi,(2012),https://img9.doubanio.com/view/photo/s_ratio_poster/public/p2896590696.jpg,李安,9.1,1367644人评价,瑰丽壮观、无人能及的冒险之旅。
海蒂和爷爷 Heidi,(2015),https://img9.doubanio.com/view/photo/s_ratio_poster/public/p2554525534.jpg,阿兰·葛斯彭纳,9.3,634429人评价,如果生活中有什么使你感到快乐，那就去做吧！不要管别人说什么。
钢琴家 The Pianist,(2002),https://img2.doubanio.com/view/photo/s_ratio_poster/public/p1381339291.jpg,罗曼·波兰斯基,9.3,654580人评价,音乐能化解仇恨。
大话西游之月光宝盒 西遊記第壹佰零壹回之月光寶盒,(1995),https://img2.doubanio.com/view/photo/s_ratio_poster/public/p2561721372.jpg,刘镇伟,9.0,1238885人评价,旷古烁今。
指环王2：双塔奇兵 The Lord of the Rings: The Two Towers,(2002),https://img9.doubanio.com/view/photo/s_ratio_poster/public/p2640236255.jpg,彼得·杰克逊,9.2,766578人评价,承前启后的史诗篇章。
闻香识女人 Scent of a Woman,(1992),https://img1.doubanio.com/view/photo/s_ratio_poster/public/p2550757929.jpg,马丁·布莱斯特,9.1,903437人评价,史上最美的探戈。
死亡诗社 Dead Poets Society,(1989),https://img1.doubanio.com/view/photo/s_ratio_poster/public/p2575465690.jpg,彼得·威尔,9.2,743329人评价,当一个死水般的体制内出现一个活跃的变数时，所有的腐臭都站在了光明的对面。
绿皮书 Green Book,(2018),https://img2.doubanio.com/view/photo/s_ratio_poster/public/p2531065411.jpg,彼得·法雷里,8.9,1678857人评价,去除成见，需要勇气。
罗马假日 Roman Holiday,(1953),https://img9.doubanio.com/view/photo/s_ratio_poster/public/p2189265085.jpg,威廉·惠勒,9.1,963100人评价,爱情哪怕只有一天。
大闹天宫,(1961),https://img1.doubanio.com/view/photo/s_ratio_poster/public/p2184505167.jpg,万籁鸣,9.4,446890人评价,经典之作，历久弥新。
天堂电影院 Nuovo Cinema Paradiso,(1988),https://img1.doubanio.com/view/photo/s_ratio_poster/public/p2653054340.jpg,朱塞佩·托纳多雷,9.2,687096人评价,那些吻戏，那些青春，都在影院的黑暗里被泪水冲刷得无比清晰。
指环王1：护戒使者 The Lord of the Rings: The Fellowship of the Ring,(2001),https://img9.doubanio.com/view/photo/s_ratio_poster/public/p2197698335.jpg,彼得·杰克逊,9.1,861429人评价,传说的开始。
黑客帝国 The Matrix,(1999),https://img1.doubanio.com/view/photo/s_ratio_poster/public/p451926968.jpg,莉莉·沃卓斯基 / 拉娜·沃卓斯基,9.1,850728人评价,视觉革命。
教父2 The Godfather: Part II,(1974),https://img1.doubanio.com/view/photo/s_ratio_poster/public/p2194138787.jpg,弗朗西斯·福特·科波拉,9.3,563022人评价,优雅的孤独。
狮子王 The Lion King,(1994),https://img9.doubanio.com/view/photo/s_ratio_poster/public/p2896590826.jpg,罗杰·阿勒斯 / 罗伯·明可夫,9.1,857737人评价,动物版《哈姆雷特》。
辩护人 변호인,(2013),https://img9.doubanio.com/view/photo/s_ratio_poster/public/p2158166535.jpg,杨宇硕,9.2,596745人评价,电影的现实意义大过电影本身。
饮食男女 飲食男女,(1994),https://img2.doubanio.com/view/photo/s_ratio_poster/public/p1910899751.jpg,李安,9.2,632318人评价,人生不能像做菜，把所有的料都准备好了才下锅。
搏击俱乐部 Fight Club,(1999),https://img2.doubanio.com/view/photo/s_ratio_poster/public/p1910931622.jpg,大卫·芬奇,9.0,859790人评价,邪恶与平庸蛰伏于同一个母体，在特定的时间互相对峙。
本杰明·巴顿奇事 The Curious Case of Benjamin Button,(2008),https://img2.doubanio.com/view/photo/s_ratio_poster/public/p2192535722.jpg,大卫·芬奇,9.0,999301人评价,在时间之河里感受溺水之苦。
美丽心灵 A Beautiful Mind,(2001),https://img1.doubanio.com/view/photo/s_ratio_poster/public/p1665997400.jpg,朗·霍华德,9.1,780355人评价,爱是一切逻辑和原由。
穿条纹睡衣的男孩 The Boy in the Striped Pajamas,(2008),https://img2.doubanio.com/view/photo/s_ratio_poster/public/p1473670352.jpg,马克·赫尔曼,9.2,576266人评价,尽管有些不切实际的幻想，这部电影依旧是一部感人肺腑的佳作。
窃听风暴 Das Leben der Anderen,(2006),https://img1.doubanio.com/view/photo/s_ratio_poster/public/p1808872109.jpg,弗洛里安·亨克尔·冯·多纳斯马尔克,9.2,573041人评价,别样人生。
情书 Love Letter,(1995),https://img1.doubanio.com/view/photo/s_ratio_poster/public/p2648230660.jpg,岩井俊二,8.9,1134338人评价,暗恋的极致。
"两杆大烟枪 Lock, Stock and Two Smoking Barrels",(1998),https://img1.doubanio.com/view/photo/s_ratio_poster/public/p792443418.jpg,盖·里奇,9.1,603523人评价,4个臭皮匠顶个诸葛亮，盖·里奇果然不是盖的。
西西里的美丽传说 Malèna,(2000),https://img1.doubanio.com/view/photo/s_ratio_poster/public/p2441988159.jpg,朱塞佩·托纳多雷,8.9,990240人评价,美丽无罪。
看不见的客人 Contratiempo,(2016),https://img9.doubanio.com/view/photo/s_ratio_poster/public/p2498971355.jpg,奥里奥尔·保罗,8.8,1291504人评价,你以为你以为的就是你以为的。
音乐之声 The Sound of Music,(1965),https://img1.doubanio.com/view/photo/s_ratio_poster/public/p453788577.jpg,罗伯特·怀斯,9.1,612511人评价,用音乐化解仇恨，让歌声串起美好。
阿凡达 Avatar,(2009),https://img1.doubanio.com/view/photo/s_ratio_poster/public/p2896589067.jpg,詹姆斯·卡梅隆,8.8,1441611人评价,绝对意义上的美轮美奂。
拯救大兵瑞恩 Saving Private Ryan,(1998),https://img9.doubanio.com/view/photo/s_ratio_poster/public/p1014542496.jpg,史蒂文·斯皮尔伯格,9.1,657171人评价,美利坚精神输出大片No1.
哈利·波特与死亡圣器(下) Harry Potter and the Deathly Hallows: Part 2,(2011),https://img2.doubanio.com/view/photo/s_ratio_poster/public/p917846733.jpg,大卫·叶茨,9.0,847614人评价,10年的完美句点。
飞越疯人院 One Flew Over the Cuckoo's Nest,(1975),https://img1.doubanio.com/view/photo/s_ratio_poster/public/p792238287.jpg,米洛斯·福尔曼,9.1,554429人评价,自由万岁。
小鞋子 بچه های آسمان,(1997),https://img9.doubanio.com/view/photo/s_ratio_poster/public/p2165511465.jpg,马基德·马基迪,9.2,417782人评价,奔跑的孩子是天使。
沉默的羔羊 The Silence of the Lambs,(1991),https://img1.doubanio.com/view/photo/s_ratio_poster/public/p1593414327.jpg,乔纳森·戴米,8.9,905257人评价,安东尼·霍普金斯的顶级表演。
布达佩斯大饭店 The Grand Budapest Hotel,(2014),https://img9.doubanio.com/view/photo/s_ratio_poster/public/p2896589466.jpg,韦斯·安德森,8.9,956178人评价,小清新的故事里注入了大历史的情怀。
功夫,(2004),https://img1.doubanio.com/view/photo/s_ratio_poster/public/p2219011938.jpg,周星驰,8.8,1157789人评价,警恶惩奸，维护世界和平这个任务就交给你了，好吗？
禁闭岛 Shutter Island,(2010),https://img1.doubanio.com/view/photo/s_ratio_poster/public/p450262388.jpg,马丁·斯科塞斯,8.9,995047人评价,昔日翩翩少年，今日大腹便便。
蝴蝶效应 The Butterfly Effect,(2004),https://img1.doubanio.com/view/photo/s_ratio_poster/public/p2209066019.jpg,埃里克·布雷斯 / J·麦基·格鲁伯,8.9,953999人评价,人的命运被自己瞬间的抉择改变。
致命魔术 The Prestige,(2006),https://img9.doubanio.com/view/photo/s_ratio_poster/public/p480383375.jpg,克里斯托弗·诺兰,8.9,874979人评价,孪生蝙蝠侠大战克隆金刚狼。
哈利·波特与阿兹卡班的囚徒 Harry Potter and the Prisoner of Azkaban,(2004),https://img1.doubanio.com/view/photo/s_ratio_poster/public/p1910812549.jpg,阿方索·卡隆,8.9,748021人评价,不一样的导演，不一样的哈利·波特。
心灵捕手 Good Will Hunting,(1997),https://img9.doubanio.com/view/photo/s_ratio_poster/public/p480965695.jpg,格斯·范·桑特,8.9,726810人评价,人生中应该拥有这样的一段豁然开朗。
超脱 Detachment,(2011),https://img2.doubanio.com/view/photo/s_ratio_poster/public/p1305562621.jpg,托尼·凯耶,9.0,616722人评价,穷尽一生，我们要学会的，不过是彼此拥抱。
海豚湾 The Cove,(2009),https://img1.doubanio.com/view/photo/s_ratio_poster/public/p2559579779.jpg,路易·西霍尤斯,9.3,360760人评价,海豚的微笑，是世界上最高明的伪装。
低俗小说 Pulp Fiction,(1994),https://img2.doubanio.com/view/photo/s_ratio_poster/public/p1910902213.jpg,昆汀·塔伦蒂诺,8.9,848765人评价,故事的高级讲法。
春光乍泄 春光乍洩,(1997),https://img2.doubanio.com/view/photo/s_ratio_poster/public/p465939041.jpg,王家卫,9.0,642186人评价,爱情纠缠，男女一致。
摩登时代 Modern Times,(1936),https://img1.doubanio.com/view/photo/s_ratio_poster/public/p2263408369.jpg,查理·卓别林,9.3,307017人评价,大时代中的人生，小人物的悲喜。
美国往事 Once Upon a Time in America,(1984),https://img1.doubanio.com/view/photo/s_ratio_poster/public/p477229647.jpg,赛尔乔·莱昂内,9.2,418717人评价,往事如烟，无处祭奠。
喜剧之王 喜劇之王,(1999),https://img1.doubanio.com/view/photo/s_ratio_poster/public/p2579932167.jpg,周星驰 / 李力持,8.8,985407人评价,我是一个演员。
致命ID Identity,(2003),https://img9.doubanio.com/view/photo/s_ratio_poster/public/p2558364386.jpg,詹姆斯·曼高德,8.9,840473人评价,最不可能的那个人永远是最可能的。
杀人回忆 살인의 추억,(2003),https://img1.doubanio.com/view/photo/s_ratio_poster/public/p1633113220.jpg,奉俊昊,8.9,729407人评价,关于连环杀人悬案的集体回忆。
七宗罪 Se7en,(1995),https://img9.doubanio.com/view/photo/s_ratio_poster/public/p2219586434.jpg,大卫·芬奇,8.8,955980人评价,警察抓小偷，老鼠玩死猫。
红辣椒 パプリカ,(2006),https://img1.doubanio.com/view/photo/s_ratio_poster/public/p456825720.jpg,今敏,9.1,476543人评价,梦的勾结。
加勒比海盗 Pirates of the Caribbean: The Curse of the Black Pearl,(2003),https://img9.doubanio.com/view/photo/s_ratio_poster/public/p2896589545.jpg,戈尔·维宾斯基,8.8,872771人评价,约翰尼·德普的独角戏。
哈利·波特与密室 Harry Potter and the Chamber of Secrets,(2002),https://img1.doubanio.com/view/photo/s_ratio_poster/public/p1082651990.jpg,克里斯·哥伦布,8.9,775234人评价,魔法的密室之门已打开...
一一,(2000),https://img2.doubanio.com/view/photo/s_ratio_poster/public/p2567845803.jpg,杨德昌,9.1,404321人评价,我们都曾经是一一。
狩猎 Jagten,(2012),https://img1.doubanio.com/view/photo/s_ratio_poster/public/p1546987967.jpg,托马斯·温特伯格,9.1,400023人评价,人言可畏。
唐伯虎点秋香 唐伯虎點秋香,(1993),https://img9.doubanio.com/view/photo/s_ratio_poster/public/p2357915564.jpg,李力持,8.7,1097923人评价,华太师是黄霑，吴镇宇四大才子之一。
7号房的礼物 7번방의 선물,(2013),https://img9.doubanio.com/view/photo/s_ratio_poster/public/p1816276065.jpg,李焕庆,8.9,565991人评价,《我是山姆》的《美丽人生》。
被嫌弃的松子的一生 嫌われ松子の一生,(2006),https://img9.doubanio.com/view/photo/s_ratio_poster/public/p884763596.jpg,中岛哲也,8.9,712305人评价,以戏谑来戏谑戏谑。
请以你的名字呼唤我 Call Me by Your Name,(2017),https://img1.doubanio.com/view/photo/s_ratio_poster/public/p2505525050.jpg,卢卡·瓜达尼诺,8.8,734491人评价,沉醉在电影的情感和视听氛围中无法自拔。
蝙蝠侠：黑暗骑士崛起 The Dark Knight Rises,(2012),https://img9.doubanio.com/view/photo/s_ratio_poster/public/p1706428744.jpg,克里斯托弗·诺兰,8.8,734795人评价,诺兰就是保证。
爱在黎明破晓前 Before Sunrise,(1995),https://img9.doubanio.com/view/photo/s_ratio_poster/public/p2555762374.jpg,理查德·林克莱特,8.8,697096人评价,缘分是个连绵词，最美不过一瞬。
断背山 Brokeback Mountain,(2005),https://img1.doubanio.com/view/photo/s_ratio_poster/public/p2604889017.jpg,李安,8.8,715710人评价,每个人心中都有一座断背山。
剪刀手爱德华 Edward Scissorhands,(1990),https://img1.doubanio.com/view/photo/s_ratio_poster/public/p2896589720.jpg,蒂姆·波顿,8.7,1046595人评价,浪漫忧郁的成人童话。
入殓师 おくりびと,(2008),https://img9.doubanio.com/view/photo/s_ratio_poster/public/p2707581855.jpg,泷田洋二郎,8.9,677698人评价,死可能是一道门，逝去并不是终结，而是超越，走向下一程。
第六感 The Sixth Sense,(1999),https://img9.doubanio.com/view/photo/s_ratio_poster/public/p2220184425.jpg,M·奈特·沙马兰,8.9,565355人评价,深入内心的恐怖，出人意料的结局。
重庆森林 重慶森林,(1994),https://img2.doubanio.com/view/photo/s_ratio_poster/public/p792381411.jpg,王家卫,8.8,824670人评价,寂寞没有期限。
勇敢的心 Braveheart,(1995),https://img1.doubanio.com/view/photo/s_ratio_poster/public/p2004174709.jpg,梅尔·吉布森,8.9,564364人评价,史诗大片的典范。
超能陆战队 Big Hero 6,(2014),https://img2.doubanio.com/view/photo/s_ratio_poster/public/p2896589512.jpg,唐·霍尔 / 克里斯·威廉姆斯,8.7,1031358人评价,Balalala~~~
甜蜜蜜,(1996),https://img9.doubanio.com/view/photo/s_ratio_poster/public/p2223011274.jpg,陈可辛,8.9,567248人评价,相逢只要一瞬间，等待却像是一辈子。
幽灵公主 もののけ姫,(1997),https://img9.doubanio.com/view/photo/s_ratio_poster/public/p1613191025.jpg,宫崎骏,8.9,532176人评价,人与自然的战争史诗。
爱在日落黄昏时 Before Sunset,(2004),https://img1.doubanio.com/view/photo/s_ratio_poster/public/p2561542458.jpg,理查德·林克莱特,8.9,572776人评价,九年后的重逢是世俗和责任的交叠，没了悸动和青涩，沧桑而温暖。
菊次郎的夏天 菊次郎の夏,(1999),https://img9.doubanio.com/view/photo/s_ratio_poster/public/p2620392435.jpg,北野武,8.9,605530人评价,从没见过那么流氓的温柔，从没见过那么温柔的流氓。
借东西的小人阿莉埃蒂 借りぐらしのアリエッティ,(2010),https://img9.doubanio.com/view/photo/s_ratio_poster/public/p617533616.jpg,米林宏昌,8.9,562943人评价,曾经的那段美好会沉淀为一辈子的记忆。
消失的爱人 Gone Girl,(2014),https://img9.doubanio.com/view/photo/s_ratio_poster/public/p2221768894.jpg,大卫·芬奇,8.7,970955人评价,年度最佳date movie。
寄生虫 기생충,(2019),https://img1.doubanio.com/view/photo/s_ratio_poster/public/p2561439800.jpg,奉俊昊,8.8,1391286人评价,null
阳光灿烂的日子,(1994),https://img9.doubanio.com/view/photo/s_ratio_poster/public/p2564685215.jpg,姜文,8.8,623366人评价,一场华丽的意淫。
天使爱美丽 Le fabuleux destin d'Amélie Poulain,(2001),https://img2.doubanio.com/view/photo/s_ratio_poster/public/p2447590313.jpg,让-皮埃尔·热内,8.7,962672人评价,法式小清新。
完美的世界 A Perfect World,(1993),https://img1.doubanio.com/view/photo/s_ratio_poster/public/p2190556408.jpg,克林特·伊斯特伍德,9.1,320607人评价,坏人的好总是比好人的好来得更感人。
小森林 夏秋篇 リトル・フォレスト 夏・秋,(2014),https://img2.doubanio.com/view/photo/s_ratio_poster/public/p2564498893.jpg,森淳一,9.0,431765人评价,那些静得只能听见呼吸的日子里，你明白孤独即生活。
倩女幽魂,(1987),https://img9.doubanio.com/view/photo/s_ratio_poster/public/p2414157745.jpg,程小东,8.8,748687人评价,两张绝世的脸。
无人知晓 誰も知らない,(2004),https://img2.doubanio.com/view/photo/s_ratio_poster/public/p661160053.jpg,是枝裕和,9.1,324637人评价,我的平常生活就是他人的幸福。
时空恋旅人 About Time,(2013),https://img9.doubanio.com/view/photo/s_ratio_poster/public/p2070153774.jpg,理查德·柯蒂斯,8.8,687899人评价,把每天当作最后一天般珍惜度过，积极拥抱生活，就是幸福。
侧耳倾听 耳をすませば,(1995),https://img2.doubanio.com/view/photo/s_ratio_poster/public/p456692072.jpg,近藤喜文,8.9,470266人评价,少女情怀总是诗。
未麻的部屋 Perfect Blue,(1997),https://img2.doubanio.com/view/photo/s_ratio_poster/public/p1351050722.jpg,今敏,9.1,345220人评价,好的剧本是，就算你猜到了结局也猜不到全部。
幸福终点站 The Terminal,(2004),https://img1.doubanio.com/view/photo/s_ratio_poster/public/p854757687.jpg,史蒂文·斯皮尔伯格,8.8,580655人评价,有时候幸福需要等一等。
驯龙高手 How to Train Your Dragon,(2010),https://img9.doubanio.com/view/photo/s_ratio_poster/public/p2210954024.jpg,迪恩·德布洛斯 / 克里斯·桑德斯,8.8,767540人评价,和谐的生活离不开摸头与被摸头。
哈利·波特与火焰杯 Harry Potter and the Goblet of Fire,(2005),https://img9.doubanio.com/view/photo/s_ratio_poster/public/p735391084.jpg,迈克·内威尔,8.8,676383人评价,null
小森林 冬春篇 リトル・フォレスト 冬・春,(2015),https://img1.doubanio.com/view/photo/s_ratio_poster/public/p2215147728.jpg,森淳一,9.0,384359人评价,尊敬他人，尊敬你生活的这片土地，明白孤独是人生的常态。
一个叫欧维的男人决定去死 En man som heter Ove,(2015),https://img2.doubanio.com/view/photo/s_ratio_poster/public/p2406624993.jpg,汉内斯·赫尔姆,8.9,493483人评价,惠及一生的美丽。
教父3 The Godfather: Part III,(1990),https://img2.doubanio.com/view/photo/s_ratio_poster/public/p2169664351.jpg,弗朗西斯·福特·科波拉,9.0,381366人评价,任何信念的力量，都无法改变命运。
"怪兽电力公司 Monsters, Inc.",(2001),https://img1.doubanio.com/view/photo/s_ratio_poster/public/p2896590108.jpg,彼特·道格特 / 大卫·西尔弗曼 / 李·昂克里奇,8.8,685224人评价,不要给它起名字，起了名字就有感情了。
傲慢与偏见 Pride & Prejudice,(2005),https://img1.doubanio.com/view/photo/s_ratio_poster/public/p2016401659.jpg,乔·赖特,8.7,815697人评价,爱是摈弃傲慢与偏见之后的曙光。
玩具总动员3 Toy Story 3,(2010),https://img2.doubanio.com/view/photo/s_ratio_poster/public/p2896589481.jpg,李·昂克里奇,8.9,527355人评价,跨度十五年的欢乐与泪水。
萤火之森 蛍火の杜へ,(2011),https://img2.doubanio.com/view/photo/s_ratio_poster/public/p1675053073.jpg,大森贵弘,8.9,548857人评价,触不到的恋人。
新世界 신세계,(2013),https://img1.doubanio.com/view/photo/s_ratio_poster/public/p1903379979.jpg,朴勋政,8.9,447525人评价,要做就做得狠一点，这样才能活下去。
釜山行 부산행,(2016),https://img1.doubanio.com/view/photo/s_ratio_poster/public/p2360940399.jpg,延尚昊,8.6,1217755人评价,揭露人性的丧尸题材力作。
被解救的姜戈 Django Unchained,(2012),https://img1.doubanio.com/view/photo/s_ratio_poster/public/p1800813767.jpg,昆汀·塔伦蒂诺,8.8,618887人评价,热血沸腾，那个低俗、性感的无耻混蛋又来了。
神偷奶爸 Despicable Me,(2010),https://img1.doubanio.com/view/photo/s_ratio_poster/public/p792776858.jpg,皮埃尔·柯芬 / 克里斯·雷纳德,8.7,960189人评价,Mr. I Don't Care其实也有Care的时候。
茶馆,(1982),https://img9.doubanio.com/view/photo/s_ratio_poster/public/p2528965424.jpg,谢添,9.6,153749人评价,null
告白,(2010),https://img9.doubanio.com/view/photo/s_ratio_poster/public/p689520756.jpg,中岛哲也,8.8,679899人评价,没有一人完全善，也没有一人完全恶。
玛丽和马克思 Mary and Max,(2009),https://img9.doubanio.com/view/photo/s_ratio_poster/public/p488255145.jpg,亚当·艾略特,9.0,425612人评价,你是我最好的朋友，你是我唯一的朋友 。
哪吒闹海,(1979),https://img9.doubanio.com/view/photo/s_ratio_poster/public/p2532803206.jpg,王树忱 / 严定宪 / 徐景达,9.2,264472人评价,想你时你在闹海。
大鱼 Big Fish,(2003),https://img9.doubanio.com/view/photo/s_ratio_poster/public/p692813374.jpg,蒂姆·波顿,8.8,575463人评价,抱着梦想而活着的人是幸福的，怀抱梦想而死去的人是不朽的。
九品芝麻官,(1994),https://img1.doubanio.com/view/photo/s_ratio_poster/public/p648370300.jpg,王晶,8.7,694216人评价,null
色，戒,(2007),https://img9.doubanio.com/view/photo/s_ratio_poster/public/p453716305.jpg,李安,8.7,827724人评价,假戏真情，爱欲深海
喜宴 囍宴,(1993),https://img1.doubanio.com/view/photo/s_ratio_poster/public/p2249048907.jpg,李安,9.0,370669人评价,中国家庭的喜怒哀乐忍。
模仿游戏 The Imitation Game,(2014),https://img2.doubanio.com/view/photo/s_ratio_poster/public/p2255040492.jpg,莫滕·泰杜姆,8.8,657556人评价,他给机器起名“克里斯托弗”，因为这是他初恋的名字。
头号玩家 Ready Player One,(2018),https://img1.doubanio.com/view/photo/s_ratio_poster/public/p2516578307.jpg,史蒂文·斯皮尔伯格,8.7,1386827人评价,写给影迷，动漫迷和游戏迷的一封情书。
射雕英雄传之东成西就 射鵰英雄傳之東成西就,(1993),https://img2.doubanio.com/view/photo/s_ratio_poster/public/p2609063922.jpg,刘镇伟,8.7,647202人评价,百看不厌。
花样年华 花樣年華,(2000),https://img9.doubanio.com/view/photo/s_ratio_poster/public/p1910828286.jpg,王家卫,8.8,619750人评价,偷情本没有这样美。
我是山姆 I Am Sam,(2001),https://img9.doubanio.com/view/photo/s_ratio_poster/public/p652417775.jpg,杰茜·尼尔森,9.0,343335人评价,爱并不需要智商 。
阳光姐妹淘 써니,(2011),https://img1.doubanio.com/view/photo/s_ratio_poster/public/p1374786017.jpg,姜炯哲,8.8,596128人评价,再多各自牛逼的时光，也比不上一起傻逼的岁月。
头脑特工队 Inside Out,(2015),https://img9.doubanio.com/view/photo/s_ratio_poster/public/p2896589345.jpg,彼特·道格特 / 罗纳尔多·德尔·卡门,8.8,626947人评价,愿我们都不用长大，每一座城堡都能永远存在。
血战钢锯岭 Hacksaw Ridge,(2016),https://img1.doubanio.com/view/photo/s_ratio_poster/public/p2398141939.jpg,梅尔·吉布森,8.7,792410人评价,优秀的战争片不会美化战场，不会粉饰死亡，不会矮化敌人，不会无视常识，最重要的，不会宣扬战争。
七武士 七人の侍,(1954),https://img9.doubanio.com/view/photo/s_ratio_poster/public/p2215886505.jpg,黑泽明,9.3,201963人评价,时代悲歌。
恐怖直播 더 테러 라이브,(2013),https://img9.doubanio.com/view/photo/s_ratio_poster/public/p2016930906.jpg,金秉祐,8.7,661707人评价,恐怖分子的“秋菊打官司”。
惊魂记 Psycho,(1960),https://img9.doubanio.com/view/photo/s_ratio_poster/public/p1021883305.jpg,阿尔弗雷德·希区柯克,9.0,302466人评价,故事的反转与反转，分裂电影的始祖。
黑客帝国3：矩阵革命 The Matrix Revolutions,(2003),https://img1.doubanio.com/view/photo/s_ratio_poster/public/p443461818.jpg,拉娜·沃卓斯基 / 莉莉·沃卓斯基,8.8,453282人评价,不得不说，《黑客帝国》系列是商业片与科幻、哲学完美结合的典范。
你的名字。 君の名は。,(2016),https://img1.doubanio.com/view/photo/s_ratio_poster/public/p2395733377.jpg,新海诚,8.5,1429673人评价,穿越错位的时空，仰望陨落的星辰，你没留下你的名字，我却无法忘记那句“我爱你”。
电锯惊魂 Saw,(2004),https://img9.doubanio.com/view/photo/s_ratio_poster/public/p726839485.jpg,温子仁,8.7,544227人评价,真相就在眼前。
"三块广告牌 Three Billboards Outside Ebbing, Missouri",(2017),https://img9.doubanio.com/view/photo/s_ratio_poster/public/p2896590555.jpg,马丁·麦克唐纳,8.7,831265人评价,怼天怼地，你走后，她与世界为敌。
达拉斯买家俱乐部 Dallas Buyers Club,(2013),https://img1.doubanio.com/view/photo/s_ratio_poster/public/p2166160837.jpg,让-马克·瓦雷,8.8,459073人评价,Jared Leto的腿比女人还美！
疯狂原始人 The Croods,(2013),https://img1.doubanio.com/view/photo/s_ratio_poster/public/p1867084027.jpg,柯克·德·米科 / 克里斯·桑德斯,8.7,849816人评价,老少皆宜，这就是好莱坞动画的魅力。
心迷宫,(2014),https://img9.doubanio.com/view/photo/s_ratio_poster/public/p2276780256.jpg,忻钰坤,8.7,531978人评价,荒诞讽刺，千奇百巧，抽丝剥茧，百转千回。
谍影重重3 The Bourne Ultimatum,(2007),https://img1.doubanio.com/view/photo/s_ratio_poster/public/p792223507.jpg,保罗·格林格拉斯,8.8,424988人评价,像吃了苏打饼一样干脆的电影。
英雄本色,(1986),https://img1.doubanio.com/view/photo/s_ratio_poster/public/p2504997087.jpg,吴宇森,8.6,549901人评价,英雄泪短，兄弟情长。
上帝之城 Cidade de Deus,(2002),https://img1.doubanio.com/view/photo/s_ratio_poster/public/p455677490.jpg,费尔南多·梅里尔斯 / 卡迪亚·兰德,9.0,305043人评价,被上帝抛弃了的上帝之城。
风之谷 風の谷のナウシカ,(1984),https://img2.doubanio.com/view/photo/s_ratio_poster/public/p1917567652.jpg,宫崎骏,8.9,358951人评价,动画片的圣经。
纵横四海 緃横四海,(1991),https://img1.doubanio.com/view/photo/s_ratio_poster/public/p2597918718.jpg,吴宇森,8.8,432486人评价,香港浪漫主义警匪动作片的巅峰之作。
卢旺达饭店 Hotel Rwanda,(2004),https://img2.doubanio.com/view/photo/s_ratio_poster/public/p470419493.jpg,特瑞·乔治,8.9,335007人评价,当这个世界闭上双眼，他却敞开了怀抱。
海街日记 海街diary,(2015),https://img1.doubanio.com/view/photo/s_ratio_poster/public/p2603364117.jpg,是枝裕和,8.8,456677人评价,是枝裕和的家庭习作。
爱在午夜降临前 Before Midnight,(2013),https://img1.doubanio.com/view/photo/s_ratio_poster/public/p2074715729.jpg,理查德·林克莱特,8.9,411126人评价,所谓爱情，就是话唠一路，都不会心生腻烦，彼此嫌弃。
绿里奇迹 The Green Mile,(1999),https://img2.doubanio.com/view/photo/s_ratio_poster/public/p767586451.jpg,弗兰克·德拉邦特,8.9,336583人评价,天使暂时离开。
记忆碎片 Memento,(2000),https://img2.doubanio.com/view/photo/s_ratio_poster/public/p641688453.jpg,克里斯托弗·诺兰,8.7,612830人评价,一个针管引发的血案。
小丑 Joker,(2019),https://img9.doubanio.com/view/photo/s_ratio_poster/public/p2567198874.jpg,托德·菲利普斯,8.7,1021961人评价,null
疯狂的石头,(2006),https://img2.doubanio.com/view/photo/s_ratio_poster/public/p712241453.jpg,宁浩,8.6,835431人评价,中国版《两杆大烟枪》。
背靠背，脸对脸,(1994),https://img1.doubanio.com/view/photo/s_ratio_poster/public/p2505048077.jpg,黄建新 / 杨亚洲,9.5,138735人评价,null
雨中曲 Singin' in the Rain,(1952),https://img9.doubanio.com/view/photo/s_ratio_poster/public/p1612355875.jpg,斯坦利·多南 / 吉恩·凯利,9.1,230848人评价,骨灰级歌舞片。
岁月神偷 歲月神偷,(2010),https://img2.doubanio.com/view/photo/s_ratio_poster/public/p456666151.jpg,罗启锐,8.7,579443人评价,岁月流逝，来日可追。
2001太空漫游 2001: A Space Odyssey,(1968),https://img9.doubanio.com/view/photo/s_ratio_poster/public/p2560717825.jpg,斯坦利·库布里克,8.9,337771人评价,现代科幻电影的开山之作，最伟大导演的最伟大影片。
心灵奇旅 Soul,(2020),https://img1.doubanio.com/view/photo/s_ratio_poster/public/p2896589788.jpg,彼特·道格特 / 凯普·鲍尔斯,8.7,999528人评价,null
忠犬八公物语 ハチ公物語,(1987),https://img9.doubanio.com/view/photo/s_ratio_poster/public/p2603716224.jpg,神山征二郎,9.2,198819人评价,养狗三日，便会对你终其一生。
荒蛮故事 Relatos salvajes,(2014),https://img2.doubanio.com/view/photo/s_ratio_poster/public/p2584519452.jpg,达米安·斯兹弗隆,8.8,450120人评价,始于荒诞，止于更荒诞。
无间道2 無間道II,(2003),https://img1.doubanio.com/view/photo/s_ratio_poster/public/p958008320.jpg,刘伟强 / 麦兆辉,8.7,488810人评价,null
小偷家族 万引き家族,(2018),https://img9.doubanio.com/view/photo/s_ratio_poster/public/p2530599636.jpg,是枝裕和,8.7,821594人评价,我们组成了家。
无敌破坏王 Wreck-It Ralph,(2012),https://img1.doubanio.com/view/photo/s_ratio_poster/public/p2896589589.jpg,瑞奇·摩尔,8.7,548972人评价,迪士尼和皮克斯拿错剧本的产物。
爆裂鼓手 Whiplash,(2014),https://img2.doubanio.com/view/photo/s_ratio_poster/public/p2220776342.jpg,达米恩·查泽雷,8.7,597600人评价,这个世界从不善待努力的人，努力了也不一定会成功，但是知道自己在努力，就是活下去的动力。
冰川时代 Ice Age,(2002),https://img1.doubanio.com/view/photo/s_ratio_poster/public/p2896589259.jpg,卡洛斯·沙尔丹哈 / 克里斯·韦奇,8.6,624620人评价,松鼠才是角儿。
恐怖游轮 Triangle,(2009),https://img9.doubanio.com/view/photo/s_ratio_poster/public/p462470694.jpg,克里斯托弗·史密斯,8.5,879412人评价,不要企图在重复中寻找已经失去的爱。
贫民窟的百万富翁 Slumdog Millionaire,(2008),https://img1.doubanio.com/view/photo/s_ratio_poster/public/p2434249040.jpg,丹尼·博伊尔 / 洛芙琳·坦丹,8.6,753811人评价,上帝之城+猜火车+阿甘正传+开心辞典=山寨富翁
牯岭街少年杀人事件 牯嶺街少年殺人事件,(1991),https://img9.doubanio.com/view/photo/s_ratio_poster/public/p848381236.jpg,杨德昌,8.9,307639人评价,弱者送给弱者的一刀。
东邪西毒 東邪西毒,(1994),https://img2.doubanio.com/view/photo/s_ratio_poster/public/p1982176012.jpg,王家卫,8.6,583937人评价,电影诗。
魔女宅急便 魔女の宅急便,(1989),https://img2.doubanio.com/view/photo/s_ratio_poster/public/p456676352.jpg,宫崎骏,8.7,467046人评价,宫崎骏的电影总让人感觉世界是美好的，阳光明媚的。
遗愿清单 The Bucket List,(2007),https://img2.doubanio.com/view/photo/s_ratio_poster/public/p2676812053.jpg,罗伯·莱纳,8.7,471052人评价,用剩余不多的时间，去燃烧整个生命。
东京教父 東京ゴッドファーザーズ,(2003),https://img1.doubanio.com/view/photo/s_ratio_poster/public/p456703618.jpg,今敏,9.0,236693人评价,null
大佛普拉斯,(2017),https://img2.doubanio.com/view/photo/s_ratio_poster/public/p2505928032.jpg,黄信尧,8.7,469154人评价,人们可以登上月球，却永远无法探索人们内心的宇宙。
你看起来好像很好吃 おまえうまそうだな,(2010),https://img2.doubanio.com/view/photo/s_ratio_poster/public/p709670262.jpg,藤森雅也,8.9,338116人评价,感情不分食草或者食肉。
真爱至上 Love Actually,(2003),https://img1.doubanio.com/view/photo/s_ratio_poster/public/p475600770.jpg,理查德·柯蒂斯,8.6,739465人评价,爱，是个动词。
可可西里,(2004),https://img9.doubanio.com/view/photo/s_ratio_poster/public/p2363208684.jpg,陆川,8.9,308305人评价,坚硬的信仰。
黑天鹅 Black Swan,(2010),https://img1.doubanio.com/view/photo/s_ratio_poster/public/p2896603000.jpg,达伦·阿伦诺夫斯基,8.6,788122人评价,黑暗之美。
城市之光 City Lights,(1931),https://img1.doubanio.com/view/photo/s_ratio_poster/public/p2170238828.jpg,查理·卓别林,9.3,149890人评价,永远的小人物，伟大的卓别林。
源代码 Source Code,(2011),https://img9.doubanio.com/view/photo/s_ratio_poster/public/p988260245.jpg,邓肯·琼斯,8.5,845976人评价,邓肯·琼斯继《月球》之后再度奉献出一部精彩绝伦的科幻佳作。
海边的曼彻斯特 Manchester by the Sea,(2016),https://img9.doubanio.com/view/photo/s_ratio_poster/public/p2421855655.jpg,肯尼思·洛纳根,8.6,554624人评价,我们都有权利不与自己的过去和解。
雨人 Rain Man,(1988),https://img2.doubanio.com/view/photo/s_ratio_poster/public/p2353324612.jpg,巴瑞·莱文森,8.7,409179人评价,生活在自己的世界里，也可以让周围的人显得可笑和渺小。
波西米亚狂想曲 Bohemian Rhapsody,(2018),https://img2.doubanio.com/view/photo/s_ratio_poster/public/p2549558913.jpg,布莱恩·辛格,8.6,615383人评价,null
初恋这件小事 สิ่งเล็กเล็กที่เรียกว่า...รัก,(2010),https://img2.doubanio.com/view/photo/s_ratio_poster/public/p1505312273.jpg,普特鹏·普罗萨卡·那·萨克那卡林 / 华森·波克彭,8.5,988944人评价,黑小鸭速效美白记。
恋恋笔记本 The Notebook,(2004),https://img9.doubanio.com/view/photo/s_ratio_poster/public/p483604864.jpg,尼克·卡萨维蒂,8.5,680933人评价,爱情没有那么多借口，如果不能圆满，只能说明爱的不够。
人工智能 A.I. Artificial Intelligence,(2001),https://img1.doubanio.com/view/photo/s_ratio_poster/public/p792257137.jpg,史蒂文·斯皮尔伯格,8.7,453603人评价,对爱的执着，可以超越一切。
青蛇,(1993),https://img2.doubanio.com/view/photo/s_ratio_poster/public/p2570901292.jpg,徐克,8.6,535187人评价,人生如此，浮生如斯。谁人言，花彼岸，此生情长意短。谁都是不懂爱的罢了。
虎口脱险 La grande vadrouille,(1966),https://img2.doubanio.com/view/photo/s_ratio_poster/public/p2399597512.jpg,热拉尔·乌里,8.9,261780人评价,永远看不腻的喜剧。
末路狂花 Thelma & Louise,(1991),https://img9.doubanio.com/view/photo/s_ratio_poster/public/p1910924635.jpg,雷德利·斯科特,8.9,265096人评价,没有了退路，只好飞向自由。
终结者2：审判日 Terminator 2: Judgment Day,(1991),https://img9.doubanio.com/view/photo/s_ratio_poster/public/p1910909085.jpg,詹姆斯·卡梅隆,8.8,346673人评价,少见的超越首部的续集，动作片中的经典。
疯狂的麦克斯4：狂暴之路 Mad Max: Fury Road,(2015),https://img2.doubanio.com/view/photo/s_ratio_poster/public/p2236181653.jpg,乔治·米勒,8.7,538672人评价,“多么美好的一天！”轰轰轰砰咚，啪哒哒哒轰隆隆，磅~
罗生门 羅生門,(1950),https://img2.doubanio.com/view/photo/s_ratio_poster/public/p1598883511.jpg,黑泽明,8.8,320054人评价,人生的N种可能性。
新龙门客栈 新龍門客棧,(1992),https://img1.doubanio.com/view/photo/s_ratio_poster/public/p1421018669.jpg,李惠民,8.7,451739人评价,嬉笑怒骂，调风动月。
无耻混蛋 Inglourious Basterds,(2009),https://img2.doubanio.com/view/photo/s_ratio_poster/public/p1086394013.jpg,昆汀·塔伦蒂诺,8.7,487091人评价,昆汀同学越来越变态了，比北野武还杜琪峰。
千钧一发 Gattaca,(1997),https://img9.doubanio.com/view/photo/s_ratio_poster/public/p2195672555.jpg,安德鲁·尼科尔,8.8,305435人评价,一部能引人思考的科幻励志片。
崖上的波妞 崖の上のポニョ,(2008),https://img1.doubanio.com/view/photo/s_ratio_poster/public/p2627847859.jpg,宫崎骏,8.6,506992人评价,null
萤火虫之墓 火垂るの墓,(1988),https://img1.doubanio.com/view/photo/s_ratio_poster/public/p2237136718.jpg,高畑勋,8.7,408737人评价,幸福是生生不息，却难以触及的远。
芙蓉镇,(1987),https://img9.doubanio.com/view/photo/s_ratio_poster/public/p2174804034.jpg,谢晋,9.3,144867人评价,null
花束般的恋爱 花束みたいな恋をした,(2021),https://img2.doubanio.com/view/photo/s_ratio_poster/public/p2868462052.jpg,土井裕泰,8.6,644112人评价,null
彗星来的那一夜 Coherence,(2013),https://img9.doubanio.com/view/photo/s_ratio_poster/public/p2187896734.jpg,詹姆斯·沃德·布柯特,8.6,592304人评价,小成本大魅力。
奇迹男孩 Wonder,(2017),https://img1.doubanio.com/view/photo/s_ratio_poster/public/p2507709428.jpg,斯蒂芬·卓博斯基,8.6,557692人评价,世界不完美，爱会有奇迹。
爱乐之城 La La Land,(2016),https://img9.doubanio.com/view/photo/s_ratio_poster/public/p2395517414.jpg,达米恩·查泽雷,8.4,915081人评价,null
黑客帝国2：重装上阵 The Matrix Reloaded,(2003),https://img1.doubanio.com/view/photo/s_ratio_poster/public/p443461390.jpg,拉娜·沃卓斯基 / 莉莉·沃卓斯基,8.7,412177人评价,一个精彩的世界观正在缓缓建立。
二十二,(2015),https://img1.doubanio.com/view/photo/s_ratio_poster/public/p2457609817.jpg,郭柯,8.7,294776人评价,有一些东西不应该被遗忘。
哈利·波特与死亡圣器(上) Harry Potter and the Deathly Hallows: Part 1,(2010),https://img9.doubanio.com/view/photo/s_ratio_poster/public/p721429854.jpg,大卫·叶茨,8.5,588934人评价,最忠于原著的一部。
血钻 Blood Diamond,(2006),https://img2.doubanio.com/view/photo/s_ratio_poster/public/p1244017073.jpg,爱德华·兹威克,8.7,385602人评价,每个美丽事物背后都是滴血的现实。
战争之王 Lord of War,(2005),https://img2.doubanio.com/view/photo/s_ratio_poster/public/p792282381.jpg,安德鲁·尼科尔,8.7,374516人评价,做一颗让别人需要你的棋子。
步履不停 歩いても 歩いても,(2008),https://img1.doubanio.com/view/photo/s_ratio_poster/public/p2375245718.jpg,是枝裕和,8.8,283917人评价,日本的家庭电影已经是世界巅峰了，步履不停是巅峰中的佳作。
火星救援 The Martian,(2015),https://img1.doubanio.com/view/photo/s_ratio_poster/public/p2896589468.jpg,雷德利·斯科特,8.5,741641人评价,null
房间 Room,(2015),https://img9.doubanio.com/view/photo/s_ratio_poster/public/p2259715855.jpg,伦尼·阿伯拉罕森,8.8,371847人评价,被偷走的岁月，被伤害的生命，被禁锢的灵魂，终将被希望和善意救赎。
魂断蓝桥 Waterloo Bridge,(1940),https://img1.doubanio.com/view/photo/s_ratio_poster/public/p2351134499.jpg,茂文·勒鲁瓦,8.8,282850人评价,中国式内在的美国电影。
千年女优 千年女優,(2001),https://img9.doubanio.com/view/photo/s_ratio_poster/public/p2215102596.jpg,今敏,8.8,273963人评价,爱情是一场没有尽头的虚幻追逐。
谍影重重2 The Bourne Supremacy,(2004),https://img9.doubanio.com/view/photo/s_ratio_poster/public/p667644866.jpg,保罗·格林格拉斯,8.7,358629人评价,谁说王家卫镜头很晃？
白日梦想家 The Secret Life of Walter Mitty,(2013),https://img2.doubanio.com/view/photo/s_ratio_poster/public/p2160195181.jpg,本·斯蒂勒,8.6,497700人评价,null
哈利·波特与凤凰社 Harry Potter and the Order of the Phoenix,(2007),https://img1.doubanio.com/view/photo/s_ratio_poster/public/p443403700.jpg,大卫·叶茨,8.5,583302人评价,null
弱点 The Blind Side,(2009),https://img2.doubanio.com/view/photo/s_ratio_poster/public/p2577248102.jpg,约翰·李·汉考克,8.7,315294人评价,拍掉身上的悲伤，从今天开始重新踏上追梦之旅。
蜘蛛侠：平行宇宙 Spider-Man: Into the Spider-Verse,(2018),https://img1.doubanio.com/view/photo/s_ratio_poster/public/p2535851348.jpg,鲍勃·佩尔西凯蒂 / 彼得·拉姆齐 / 罗德尼·罗斯曼,8.6,678020人评价,null
谍影重重 The Bourne Identity,(2002),https://img2.doubanio.com/view/photo/s_ratio_poster/public/p1597183981.jpg,道格·里曼,8.6,434771人评价,哗啦啦啦啦，天在下雨，哗啦啦啦啦，云在哭泣……找自己。
阿飞正传 阿飛正傳,(1990),https://img2.doubanio.com/view/photo/s_ratio_poster/public/p2525770523.jpg,王家卫,8.5,518221人评价,王家卫是一种风格，张国荣是一个代表。
朗读者 The Reader,(2008),https://img1.doubanio.com/view/photo/s_ratio_poster/public/p1140984198.jpg,史蒂芬·戴德利,8.6,458180人评价,当爱情跨越年龄的界限，它似乎能变得更久远一点，成为一种责任，一种水到渠成的相濡以沫。
燃情岁月 Legends of the Fall,(1994),https://img9.doubanio.com/view/photo/s_ratio_poster/public/p2797313535.jpg,爱德华·兹威克,8.7,290964人评价,传奇，不是每个人都可以拥有。
再次出发之纽约遇见你 Begin Again,(2013),https://img2.doubanio.com/view/photo/s_ratio_poster/public/p2250287733.jpg,约翰·卡尼,8.6,432923人评价,爱我就给我看你的播放列表。
高山下的花环,(1984),https://img1.doubanio.com/view/photo/s_ratio_poster/public/p2319879389.jpg,谢晋,9.5,90879人评价,null
大红灯笼高高挂,(1991),https://img2.doubanio.com/view/photo/s_ratio_poster/public/p1254404823.jpg,张艺谋,8.8,280402人评价,null
